1,/feed/aHR0cHM6Ly9hbmNob3IuZm0vcy84YzIwODhjL3BvZGNhc3QvcnNz/episode/OTdmYzlmMjEtYzE1Yi1jYTNhLTg0YTQtYzM4MTNiNzI2ZmYx?ved=0CJkCEM7CAmoXChMIsIekt_3g6QIVAAAAAB0AAAAAEAY
2,/feed/aHR0cHM6Ly9hbmNob3IuZm0vcy84YzIwODhjL3BvZGNhc3QvcnNz/episode/YzZkNGVmNzItMTEwZi0zNDIyLWM1MjMtZjExM2M5MGNmYTYz?ved=0CJcCEM7CAmoXChMIsIekt_3g6QIVAAAAAB0AAAAAEAY
3,/feed/aHR0cHM6Ly9hbmNob3IuZm0vcy84YzIwODhjL3BvZGNhc3QvcnNz/episode/ZjRkMzRhMTgtNTUzZC04MGE0LWQxZTAtOTJhODY1OTJkNDBi?ved=0CJUCEM7CAmoXChMIsIekt_3g6QIVAAAAAB0AAAAAEAY
4,/feed/aHR0cHM6Ly9hbmNob3IuZm0vcy84YzIwODhjL3BvZGNhc3QvcnNz/episode/YzIyYmUyOWMtZWQ3NS1lYWQwLWNjYjktZGFiMDgwNWQyMzdi?ved=0CJMCEM7CAmoXChMIsIekt_3g6QIVAAAAAB0AAAAAEAY
5,/feed/aHR0cHM6Ly9hbmNob3IuZm0vcy84YzIwODhjL3BvZGNhc3QvcnNz/episode/ZjFjMzAxMjctNWQxZS00MTQ4LTk0Y2YtOGU0ZDA2NmZmMTRl?ved=0CJECEM7CAmoXChMIsIekt_3g6QIVAAAAAB0AAAAAEAY
6,/feed/aHR0cHM6Ly9hbmNob3IuZm0vcy84YzIwODhjL3BvZGNhc3QvcnNz/episode/MmU2NWY4NTUtMzliMy04YWRiLWUzZTktNTE4NDY5NmQxMTVk?ved=0CI8CEM7CAmoXChMIsIekt_3g6QIVAAAAAB0AAAAAEAY
7,/feed/aHR0cHM6Ly9hbmNob3IuZm0vcy84YzIwODhjL3BvZGNhc3QvcnNz/episode/NzVmZTcyZDMtZjQzNi1hNjdhLTZiZTItNDBkMmZhNDE5ZGRj?ved=0CI0CEM7CAmoXChMIsIekt_3g6QIVAAAAAB0AAAAAEAY
8,/feed/aHR0cHM6Ly9hbmNob3IuZm0vcy84YzIwODhjL3BvZGNhc3QvcnNz/episode/ODg4ZjNjNTQtNGRiMC04NmRmLTNkYWEtZjcxOThmNWE4NGIz?ved=0CIsCEM7CAmoXChMIsIekt_3g6QIVAAAAAB0AAAAAEAY
9,/feed/aHR0cHM6Ly9hbmNob3IuZm0vcy84YzIwODhjL3BvZGNhc3QvcnNz/episode/YTBhNmRmNDAtNjNiNy1iY2Y0LTQ5ZDctZjc0NmM1ZmM3ODhk?ved=0CIkCEM7CAmoXChMIsIekt_3g6QIVAAAAAB0AAAAAEAY
10,/feed/aHR0cHM6Ly9hbmNob3IuZm0vcy84YzIwODhjL3BvZGNhc3QvcnNz/episode/MzZlYWY0MjEtYzYwMy01NmQwLTU2NmMtZTBjODVmYjRiNWEx?ved=0CIcCEM7CAmoXChMIsIekt_3g6QIVAAAAAB0AAAAAEAY
11,/feed/aHR0cHM6Ly9hbmNob3IuZm0vcy84YzIwODhjL3BvZGNhc3QvcnNz/episode/NDNjMzQ0YmUtYWM0ZS1hZmY3LTIyZDUtYTI3YTRiOTQ5NWVk?ved=0CIUCEM7CAmoXChMIsIekt_3g6QIVAAAAAB0AAAAAEAY
12,/feed/aHR0cHM6Ly9hbmNob3IuZm0vcy84YzIwODhjL3BvZGNhc3QvcnNz/episode/YjdmOWI3MDktMGEwMS04N2IyLTM0MTctMTI1ODY3N2RiZGE5?ved=0CIMCEM7CAmoXChMIsIekt_3g6QIVAAAAAB0AAAAAEAY
13,/feed/aHR0cHM6Ly9hbmNob3IuZm0vcy84YzIwODhjL3BvZGNhc3QvcnNz/episode/ZjYwMDZjZWYtYjc0Mi0wNzViLWE2MjUtZTYzMjQxOWVkMGYz?ved=0CIECEM7CAmoXChMIsIekt_3g6QIVAAAAAB0AAAAAEAY
14,/feed/aHR0cHM6Ly9hbmNob3IuZm0vcy84YzIwODhjL3BvZGNhc3QvcnNz/episode/NzhlYjRmZjMtNWIyMi1hNTc2LTE3NTgtNjg4MGQ5ZmQ3MzE2?ved=0CP8BEM7CAmoXChMIsIekt_3g6QIVAAAAAB0AAAAAEAY
15,/feed/aHR0cHM6Ly9hbmNob3IuZm0vcy84YzIwODhjL3BvZGNhc3QvcnNz/episode/OTZjOWY1OWItZWQ1NS0yOWJiLTgxOTktZWEwMzlhOGEwMTA1?ved=0CP0BEM7CAmoXChMIsIekt_3g6QIVAAAAAB0AAAAAEAY
16,/feed/aHR0cHM6Ly9hbmNob3IuZm0vcy84YzIwODhjL3BvZGNhc3QvcnNz/episode/MTRhZGU3ZTUtNWE4NC01MGY0LWFhMTgtODY2NzFhMDM1YTEx?ved=0CPsBEM7CAmoXChMIsIekt_3g6QIVAAAAAB0AAAAAEAY
17,/feed/aHR0cHM6Ly9hbmNob3IuZm0vcy84YzIwODhjL3BvZGNhc3QvcnNz/episode/NzY5NzRkZDEtZjgxMC0xNjQ1LTFjMmEtZDEwYjhlZDBhZmU1?ved=0CPMBEM7CAmoXChMIsIekt_3g6QIVAAAAAB0AAAAAEAY
18,/feed/aHR0cHM6Ly9hbmNob3IuZm0vcy84YzIwODhjL3BvZGNhc3QvcnNz/episode/ZjMxMThiMjUtYTQwZi03MTVjLWZlMWYtNWMwOGEyMzA2NmNk?ved=0CPEBEM7CAmoXChMIsIekt_3g6QIVAAAAAB0AAAAAEAY
19,/feed/aHR0cHM6Ly9hbmNob3IuZm0vcy84YzIwODhjL3BvZGNhc3QvcnNz/episode/M2M4OThhNTgtMmQ2OC1kM2RlLTc2NmItYjkwYjQ0Njg3ZmUx?ved=0CO0BEM7CAmoXChMIsIekt_3g6QIVAAAAAB0AAAAAEAY
20,/feed/aHR0cHM6Ly9hbmNob3IuZm0vcy84YzIwODhjL3BvZGNhc3QvcnNz/episode/ZjA0MjFiYzAtY2I0MS0yZGFiLWZhMmMtZWVjZDdkODkwNzA1?ved=0COsBEM7CAmoXChMIsIekt_3g6QIVAAAAAB0AAAAAEAY
21,/feed/aHR0cHM6Ly9hbmNob3IuZm0vcy84YzIwODhjL3BvZGNhc3QvcnNz/episode/YzAyMjRhYmUtYjVlMS1lYTc0LTdiOWItZGVjM2MwNTcyZjJh?ved=0COUBEM7CAmoXChMIsIekt_3g6QIVAAAAAB0AAAAAEAY
22,/feed/aHR0cHM6Ly9hbmNob3IuZm0vcy84YzIwODhjL3BvZGNhc3QvcnNz/episode/ZTViOTJjOWUtY2U5MS0yY2RjLTI0ZDItZDBiMGEyZmZkMmJk?ved=0COMBEM7CAmoXChMIsIekt_3g6QIVAAAAAB0AAAAAEAY
23,/feed/aHR0cHM6Ly9hbmNob3IuZm0vcy84YzIwODhjL3BvZGNhc3QvcnNz/episode/MTc0MjY1OGItM2ZhZi0xOWRlLTFlZjMtNzdmNjBlM2VlMzNj?ved=0COEBEM7CAmoXChMIsIekt_3g6QIVAAAAAB0AAAAAEAY
24,/feed/aHR0cHM6Ly9hbmNob3IuZm0vcy84YzIwODhjL3BvZGNhc3QvcnNz/episode/ZGMwMWY3MDItZTg0YS02YWM0LWY5NTctZmQ2M2ZkOTAwYWNl?ved=0CN8BEM7CAmoXChMIsIekt_3g6QIVAAAAAB0AAAAAEAY
25,/feed/aHR0cHM6Ly9hbmNob3IuZm0vcy84YzIwODhjL3BvZGNhc3QvcnNz/episode/Nzg4YTlhOTMtODQ5Zi04MWRmLTVjMjctNzFkNjllY2MyYmZm?ved=0CN0BEM7CAmoXChMIsIekt_3g6QIVAAAAAB0AAAAAEAY
26,/feed/aHR0cHM6Ly9hbmNob3IuZm0vcy84YzIwODhjL3BvZGNhc3QvcnNz/episode/NGY2NWI5NmQtYmMwMi05Yzk1LTdkN2UtYTc0ZDYxZTFlZDI1?ved=0CNsBEM7CAmoXChMIsIekt_3g6QIVAAAAAB0AAAAAEAY
27,/feed/aHR0cHM6Ly9hbmNob3IuZm0vcy84YzIwODhjL3BvZGNhc3QvcnNz/episode/YTZiYzM1OGUtMGQwYy05OGUwLWE0MjctODg3MTM3YjhhOWUx?ved=0CNkBEM7CAmoXChMIsIekt_3g6QIVAAAAAB0AAAAAEAY
28,/feed/aHR0cHM6Ly9hbmNob3IuZm0vcy84YzIwODhjL3BvZGNhc3QvcnNz/episode/MGJmMzU2NzktMzc1OS1kZTFjLWI0OTAtNzNjMDFhNjEyYjY2?ved=0CNcBEM7CAmoXChMIsIekt_3g6QIVAAAAAB0AAAAAEAY
29,/feed/aHR0cHM6Ly9hbmNob3IuZm0vcy84YzIwODhjL3BvZGNhc3QvcnNz/episode/OWQ0MDkzMmYtOWQ1NS1jYjI4LTZkYWEtMDhiOGUwMWNlOTBj?ved=0CNUBEM7CAmoXChMIsIekt_3g6QIVAAAAAB0AAAAAEAY
30,/feed/aHR0cHM6Ly9hbmNob3IuZm0vcy84YzIwODhjL3BvZGNhc3QvcnNz/episode/NWMyNjFkZWItZWM2Ny1hNGZlLWIyMzctYTI1ZjIyY2U3MTRh?ved=0CNMBEM7CAmoXChMIsIekt_3g6QIVAAAAAB0AAAAAEAY
31,/feed/aHR0cHM6Ly9hbmNob3IuZm0vcy84YzIwODhjL3BvZGNhc3QvcnNz/episode/ZmI3M2NkOWEtMzE0Ny1kMzc5LWE0N2QtMWRiOGI4MjJiNTJl?ved=0CNEBEM7CAmoXChMIsIekt_3g6QIVAAAAAB0AAAAAEAY
32,/feed/aHR0cHM6Ly9hbmNob3IuZm0vcy84YzIwODhjL3BvZGNhc3QvcnNz/episode/MTg0YmExZjAtZDFjYi0yYjllLWQxMTEtNzM2MzgyMTVmOWQz?ved=0CM0BEM7CAmoXChMIsIekt_3g6QIVAAAAAB0AAAAAEAY
33,/feed/aHR0cHM6Ly9hbmNob3IuZm0vcy84YzIwODhjL3BvZGNhc3QvcnNz/episode/Nzk4ZmZkMzctNDZlNi1mOTQ2LWZhMDgtNDk4YTVmMDJmNjUx?ved=0CMsBEM7CAmoXChMIsIekt_3g6QIVAAAAAB0AAAAAEAY
34,/feed/aHR0cHM6Ly9hbmNob3IuZm0vcy84YzIwODhjL3BvZGNhc3QvcnNz/episode/ZjMyNTIzNTQtNTQ2My03YTA1LWZjMzQtZjAxMzFmMGRhMWEx?ved=0CMkBEM7CAmoXChMIsIekt_3g6QIVAAAAAB0AAAAAEAY
35,/feed/aHR0cHM6Ly9hbmNob3IuZm0vcy84YzIwODhjL3BvZGNhc3QvcnNz/episode/NzI3ODY3NjItYzliNy1kYjQxLWE3NDUtMDMyYzU1YThjMDI4?ved=0CMcBEM7CAmoXChMIsIekt_3g6QIVAAAAAB0AAAAAEAY
36,/feed/aHR0cHM6Ly9hbmNob3IuZm0vcy84YzIwODhjL3BvZGNhc3QvcnNz/episode/MmM3YmQ5MmMtOWJhOS1mYjYxLTE2YjktNGJkZDkzMTk3M2M3?ved=0CMUBEM7CAmoXChMIsIekt_3g6QIVAAAAAB0AAAAAEAY
37,/feed/aHR0cHM6Ly9hbmNob3IuZm0vcy84YzIwODhjL3BvZGNhc3QvcnNz/episode/Zjg4ZDg4OWEtNmM2NC1lMGVlLTIzMWItNTdhYmMxMjllZDk3?ved=0CMMBEM7CAmoXChMIsIekt_3g6QIVAAAAAB0AAAAAEAY
38,/feed/aHR0cHM6Ly9hbmNob3IuZm0vcy84YzIwODhjL3BvZGNhc3QvcnNz/episode/M2QyODI5NWMtNWI2OS1iYjVmLTEwODQtYmRlYmRkNTNjNGM4?ved=0CMEBEM7CAmoXChMIsIekt_3g6QIVAAAAAB0AAAAAEAY
39,/feed/aHR0cHM6Ly9hbmNob3IuZm0vcy84YzIwODhjL3BvZGNhc3QvcnNz/episode/MDhjYTc4NDgtZmEzMC0xODQ0LWYzZjgtZDE1MGM2MmNjMWM0?ved=0CL0BEM7CAmoXChMIsIekt_3g6QIVAAAAAB0AAAAAEAY
40,/feed/aHR0cHM6Ly9hbmNob3IuZm0vcy84YzIwODhjL3BvZGNhc3QvcnNz/episode/ZGQ2ODJmMGYtZGVkYy0xZTQ5LTcwYTgtMzIwNzJmNTE3YmM5?ved=0CLsBEM7CAmoXChMIsIekt_3g6QIVAAAAAB0AAAAAEAY
41,/feed/aHR0cHM6Ly9hbmNob3IuZm0vcy84YzIwODhjL3BvZGNhc3QvcnNz/episode/NjU4ODYyYTMtZjA0Mi0yMTZjLWM4OWEtNTc2YWNiYTc1MTZi?ved=0CLkBEM7CAmoXChMIsIekt_3g6QIVAAAAAB0AAAAAEAY
42,/feed/aHR0cHM6Ly9hbmNob3IuZm0vcy84YzIwODhjL3BvZGNhc3QvcnNz/episode/NWYzMjFjMmUtYWI1ZC0zZjQxLTI5OWUtMmFkOTY4ZGFlNDFj?ved=0CLcBEM7CAmoXChMIsIekt_3g6QIVAAAAAB0AAAAAEAY
43,/feed/aHR0cHM6Ly9hbmNob3IuZm0vcy84YzIwODhjL3BvZGNhc3QvcnNz/episode/MzdjYzYzMTctODQ0ZC1kMjJlLTkwYTAtNmIxZmZmNzVhYzg5?ved=0CLUBEM7CAmoXChMIsIekt_3g6QIVAAAAAB0AAAAAEAY
44,/feed/aHR0cHM6Ly9hbmNob3IuZm0vcy84YzIwODhjL3BvZGNhc3QvcnNz/episode/ZDZiZDg4ZjYtZTI4ZC01ZWQxLTc1YmItZWFlMmE5ZTdlZjlj?ved=0CLMBEM7CAmoXChMIsIekt_3g6QIVAAAAAB0AAAAAEAY
45,/feed/aHR0cHM6Ly9hbmNob3IuZm0vcy84YzIwODhjL3BvZGNhc3QvcnNz/episode/MTNmYTk4OTAtY2RiMS01YjM4LWY2ZmYtZmE4M2ZjZmNjN2E4?ved=0CLEBEM7CAmoXChMIsIekt_3g6QIVAAAAAB0AAAAAEAY
46,/feed/aHR0cHM6Ly9hbmNob3IuZm0vcy84YzIwODhjL3BvZGNhc3QvcnNz/episode/MjA4NzhiMGItOTkyMy0wZDIwLWRmZGQtY2JhN2NkMjgxZGEx?ved=0CK8BEM7CAmoXChMIsIekt_3g6QIVAAAAAB0AAAAAEAY
47,/feed/aHR0cHM6Ly9hbmNob3IuZm0vcy84YzIwODhjL3BvZGNhc3QvcnNz/episode/MGNkNDE2M2MtNmViNi02NGE1LTg2N2ItMmQxMGIzOWNmYzIy?ved=0CKcBEM7CAmoXChMIsIekt_3g6QIVAAAAAB0AAAAAEAY
48,/feed/aHR0cHM6Ly9hbmNob3IuZm0vcy84YzIwODhjL3BvZGNhc3QvcnNz/episode/Yjc3MTVmOWMtMWY3MS1kOGM1LWZkNzMtNDNjZDRjMzBjODRm?ved=0CKUBEM7CAmoXChMIsIekt_3g6QIVAAAAAB0AAAAAEAY
49,/feed/aHR0cHM6Ly9hbmNob3IuZm0vcy84YzIwODhjL3BvZGNhc3QvcnNz/episode/YWI4MzZiNDYtYTNlOC04ZDYwLWJlOWEtMzlhYTRkNWU1ZDQ4?ved=0CKMBEM7CAmoXChMIsIekt_3g6QIVAAAAAB0AAAAAEAY
50,/feed/aHR0cHM6Ly9hbmNob3IuZm0vcy84YzIwODhjL3BvZGNhc3QvcnNz/episode/ZmE3ZjUyMjMtMGNjYy02YmJkLTc4ZDAtNjNiNWFmNTFjMGJi?ved=0CKEBEM7CAmoXChMIsIekt_3g6QIVAAAAAB0AAAAAEAY
51,/feed/aHR0cHM6Ly9hbmNob3IuZm0vcy84YzIwODhjL3BvZGNhc3QvcnNz/episode/NzE1MmNlM2UtMWQwYS02OTJhLWNkYTctZWI4MjRkZDkxZDdi?ved=0CJ8BEM7CAmoXChMIsIekt_3g6QIVAAAAAB0AAAAAEAY
52,/feed/aHR0cHM6Ly9hbmNob3IuZm0vcy84YzIwODhjL3BvZGNhc3QvcnNz/episode/YmVlOTJkNjYtMDhkMC1jYTE2LTVjNmItNjg1MmNmNWM0MzM4?ved=0CJ0BEM7CAmoXChMIsIekt_3g6QIVAAAAAB0AAAAAEAY
53,/feed/aHR0cHM6Ly9hbmNob3IuZm0vcy84YzIwODhjL3BvZGNhc3QvcnNz/episode/ZjAwNzdiMjQtODdiZS1lNWQzLWQ5ZmItZDRlYjgyMjdjMmZj?ved=0CJsBEM7CAmoXChMIsIekt_3g6QIVAAAAAB0AAAAAEAY
54,/feed/aHR0cHM6Ly9hbmNob3IuZm0vcy84YzIwODhjL3BvZGNhc3QvcnNz/episode/NjE4ZTk1MWItY2Q3Ny1jNjdhLWNmYmYtNGY4ZjJkZmUzNDlh?ved=0CJkBEM7CAmoXChMIsIekt_3g6QIVAAAAAB0AAAAAEAY
55,/feed/aHR0cHM6Ly9hbmNob3IuZm0vcy84YzIwODhjL3BvZGNhc3QvcnNz/episode/YzI4MTk0ODUtNGIyNy1iNDE1LTY3MjgtMzNhOGJiZGYwYTVm?ved=0CJcBEM7CAmoXChMIsIekt_3g6QIVAAAAAB0AAAAAEAY
56,/feed/aHR0cHM6Ly9hbmNob3IuZm0vcy84YzIwODhjL3BvZGNhc3QvcnNz/episode/YzE0YzdjNjUtYTZiMi01ZTY0LWE1ZTktY2MwMDIwNjA4ZTNl?ved=0CJEBEM7CAmoXChMIsIekt_3g6QIVAAAAAB0AAAAAEAY
57,/feed/aHR0cHM6Ly9hbmNob3IuZm0vcy84YzIwODhjL3BvZGNhc3QvcnNz/episode/NzA4MDQxYjQtZTYyZC0wMTllLWJjNGEtNjI3MTY2NzEzOTBl?ved=0CI8BEM7CAmoXChMIsIekt_3g6QIVAAAAAB0AAAAAEAY
58,/feed/aHR0cHM6Ly9hbmNob3IuZm0vcy84YzIwODhjL3BvZGNhc3QvcnNz/episode/ZDU3NTgyZWEtZmQ1OC00MGQwLTdiM2ItZWQ2OWY4YjQ0M2Ji?ved=0CI0BEM7CAmoXChMIsIekt_3g6QIVAAAAAB0AAAAAEAY
59,/feed/aHR0cHM6Ly9hbmNob3IuZm0vcy84YzIwODhjL3BvZGNhc3QvcnNz/episode/Y2Y2YzJhNjUtZTU1OC0xNmM2LWUxYzAtODZlZjZkNWQzMWI3?ved=0CIsBEM7CAmoXChMIsIekt_3g6QIVAAAAAB0AAAAAEAY
60,/feed/aHR0cHM6Ly9hbmNob3IuZm0vcy84YzIwODhjL3BvZGNhc3QvcnNz/episode/ZmJkMWU3MTMtZDQ4OC03OTY0LTNkMzAtN2Y5Yzk3YmZhYzBk?ved=0CIkBEM7CAmoXChMIsIekt_3g6QIVAAAAAB0AAAAAEAY
61,/feed/aHR0cHM6Ly9hbmNob3IuZm0vcy84YzIwODhjL3BvZGNhc3QvcnNz/episode/OTc1MDI2ZWItMGRkYy1kMWYxLTQ2NDQtMzk4NTU3OTM3OWNj?ved=0CIcBEM7CAmoXChMIsIekt_3g6QIVAAAAAB0AAAAAEAY
62,/feed/aHR0cHM6Ly9hbmNob3IuZm0vcy84YzIwODhjL3BvZGNhc3QvcnNz/episode/OGU0MDYyZjMtY2EzMi0yYTU2LWMyNWMtNDQyZWRmOWM1YjBl?ved=0CIUBEM7CAmoXChMIsIekt_3g6QIVAAAAAB0AAAAAEAY
63,/feed/aHR0cHM6Ly9hbmNob3IuZm0vcy84YzIwODhjL3BvZGNhc3QvcnNz/episode/Zjc1NDRkNjctM2ZmYS01ZWEzLTUyMzAtMmQ1MzllM2I5YWFl?ved=0CH8QzsICahcKEwiwh6S3_eDpAhUAAAAAHQAAAAAQBg
64,/feed/aHR0cHM6Ly9hbmNob3IuZm0vcy84YzIwODhjL3BvZGNhc3QvcnNz/episode/MmQ2OTQ4YTUtZTA5Zi1hYTg1LTRlYjktYmZmODU4MmMxYTU1?ved=0CH0QzsICahcKEwiwh6S3_eDpAhUAAAAAHQAAAAAQBg
65,/feed/aHR0cHM6Ly9hbmNob3IuZm0vcy84YzIwODhjL3BvZGNhc3QvcnNz/episode/NjNhMmRmNDEtZGNjZS0zNGNlLTUzZDMtMDRlNzVmY2YyMGM5?ved=0CHsQzsICahcKEwiwh6S3_eDpAhUAAAAAHQAAAAAQBg
66,/feed/aHR0cHM6Ly9hbmNob3IuZm0vcy84YzIwODhjL3BvZGNhc3QvcnNz/episode/YTBhNzJiYzItMTUxYS00NTBiLWE2YWItYjRlZWRjZWI1M2Rh?ved=0CHkQzsICahcKEwiwh6S3_eDpAhUAAAAAHQAAAAAQBg
67,/feed/aHR0cHM6Ly9hbmNob3IuZm0vcy84YzIwODhjL3BvZGNhc3QvcnNz/episode/MzI2ZDVmMmItYTE5OC1mMjRjLTYyYzQtMzZjZGFiODJhMGY3?ved=0CHcQzsICahcKEwiwh6S3_eDpAhUAAAAAHQAAAAAQBg
68,/feed/aHR0cHM6Ly9hbmNob3IuZm0vcy84YzIwODhjL3BvZGNhc3QvcnNz/episode/Njc2MTRlY2UtZjZmNy1lYTFhLTlmMGUtMDgxZDNiY2Y0OTZk?ved=0CHUQzsICahcKEwiwh6S3_eDpAhUAAAAAHQAAAAAQBg
69,/feed/aHR0cHM6Ly9hbmNob3IuZm0vcy84YzIwODhjL3BvZGNhc3QvcnNz/episode/YmQyM2Q1M2QtNGE3Yi1mMDlhLTBjYTYtMTQwY2M5MjNlOGE1?ved=0CHMQzsICahcKEwiwh6S3_eDpAhUAAAAAHQAAAAAQBg
70,/feed/aHR0cHM6Ly9hbmNob3IuZm0vcy84YzIwODhjL3BvZGNhc3QvcnNz/episode/ZGJjYTAxZGEtODhiMC0wMjAzLWUyNzAtNTliODk4MWZiMjkz?ved=0CG8QzsICahcKEwiwh6S3_eDpAhUAAAAAHQAAAAAQBg
71,/feed/aHR0cHM6Ly9hbmNob3IuZm0vcy84YzIwODhjL3BvZGNhc3QvcnNz/episode/ZTIyZWY1ODMtYjhlZC0xOWUzLTc5MzktMmQ2ZDdhMjVlMDNl?ved=0CG0QzsICahcKEwiwh6S3_eDpAhUAAAAAHQAAAAAQBg
72,/feed/aHR0cHM6Ly9hbmNob3IuZm0vcy84YzIwODhjL3BvZGNhc3QvcnNz/episode/ZDEwMDk2ZjEtOThiZS00M2ZjLWJmNWQtYzg0NzFiZGI2YzIw?ved=0CGUQzsICahcKEwiwh6S3_eDpAhUAAAAAHQAAAAAQBg
73,/feed/aHR0cHM6Ly9hbmNob3IuZm0vcy84YzIwODhjL3BvZGNhc3QvcnNz/episode/YzQ1YWVjZDItZjg0OC00ZGQwLTg3MTAtZWY1N2MyYzg5MjU5?ved=0CGMQzsICahcKEwiwh6S3_eDpAhUAAAAAHQAAAAAQBg
74,/feed/aHR0cHM6Ly9hbmNob3IuZm0vcy84YzIwODhjL3BvZGNhc3QvcnNz/episode/YzhjMDNmYmMtNDI0NS00NzE0LThkNDMtODA3YWE3OTU1Njhl?ved=0CGEQzsICahcKEwiwh6S3_eDpAhUAAAAAHQAAAAAQBg
75,/feed/aHR0cHM6Ly9hbmNob3IuZm0vcy84YzIwODhjL3BvZGNhc3QvcnNz/episode/NTQ5ZDc3ODAtYjZhNC00ZDY1LWFkNzItNzA2MGQ0ZTI2MTJk?ved=0CF8QzsICahcKEwiwh6S3_eDpAhUAAAAAHQAAAAAQBg
76,/feed/aHR0cHM6Ly9hbmNob3IuZm0vcy84YzIwODhjL3BvZGNhc3QvcnNz/episode/ZGE5NWVkNDItNTg4MS00OWU3LWI4YjgtZjkyZGVlNjNjMjkw?ved=0CF0QzsICahcKEwiwh6S3_eDpAhUAAAAAHQAAAAAQBg
77,/feed/aHR0cHM6Ly9hbmNob3IuZm0vcy84YzIwODhjL3BvZGNhc3QvcnNz/episode/NTZlNzdjMzUtMjNkNC00NWU0LWJiNjgtOWNlNzcwMjNhNjdh?ved=0CFsQzsICahcKEwiwh6S3_eDpAhUAAAAAHQAAAAAQBg
78,/feed/aHR0cHM6Ly9hbmNob3IuZm0vcy84YzIwODhjL3BvZGNhc3QvcnNz/episode/YWE1MDI3N2QtZjc1ZC00ZWM4LWJmYTQtYWQ4M2YzYTc4Yjk2?ved=0CFkQzsICahcKEwiwh6S3_eDpAhUAAAAAHQAAAAAQBg
79,/feed/aHR0cHM6Ly9hbmNob3IuZm0vcy84YzIwODhjL3BvZGNhc3QvcnNz/episode/ZDUzN2JjNDMtNmFlOS00NzcxLWFmZTktZWYzMzc5Y2M5ZDc1?ved=0CFEQzsICahcKEwiwh6S3_eDpAhUAAAAAHQAAAAAQBg
80,/feed/aHR0cHM6Ly9hbmNob3IuZm0vcy84YzIwODhjL3BvZGNhc3QvcnNz/episode/OWIwMWU2ZDYtZjY0YS00OWUwLWFlMmMtMDlkMWQyMjVmMmM2?ved=0CE8QzsICahcKEwiwh6S3_eDpAhUAAAAAHQAAAAAQBg
81,/feed/aHR0cHM6Ly9hbmNob3IuZm0vcy84YzIwODhjL3BvZGNhc3QvcnNz/episode/NjY4ZTk0MmUtOTJhMi00ZGRhLWExNmQtOWUwMTUzOWJmNjg4?ved=0CE0QzsICahcKEwiwh6S3_eDpAhUAAAAAHQAAAAAQBg
82,/feed/aHR0cHM6Ly9hbmNob3IuZm0vcy84YzIwODhjL3BvZGNhc3QvcnNz/episode/NzU4YTllOTctMDQzMy00YjFkLTg1ZWEtY2Y0N2Q1MTY1NTg3?ved=0CEsQzsICahcKEwiwh6S3_eDpAhUAAAAAHQAAAAAQBg
83,/feed/aHR0cHM6Ly9hbmNob3IuZm0vcy84YzIwODhjL3BvZGNhc3QvcnNz/episode/MjhiYmRlNmItZTEzNi00ZjUxLWJhMDEtZjA5MWEyMTZhZTQ5?ved=0CEkQzsICahcKEwiwh6S3_eDpAhUAAAAAHQAAAAAQBg
84,/feed/aHR0cHM6Ly9hbmNob3IuZm0vcy84YzIwODhjL3BvZGNhc3QvcnNz/episode/Yzc0OGFmNzctZWYzMC00OWQzLWIxZWYtMDc4Njk3ZmNjZGYy?ved=0CEcQzsICahcKEwiwh6S3_eDpAhUAAAAAHQAAAAAQBg
85,/feed/aHR0cHM6Ly9hbmNob3IuZm0vcy84YzIwODhjL3BvZGNhc3QvcnNz/episode/ZmM5ZWZjOTgtOTYxNC00NjczLTg2ZmYtNzIzYzJhMTMzMmYy?ved=0CEUQzsICahcKEwiwh6S3_eDpAhUAAAAAHQAAAAAQBg
86,/feed/aHR0cHM6Ly9hbmNob3IuZm0vcy84YzIwODhjL3BvZGNhc3QvcnNz/episode/OTIyMDQ3NGEtNmNkNS00NTVmLTljM2MtOWRmYTllOGQwNjkx?ved=0CEMQzsICahcKEwiwh6S3_eDpAhUAAAAAHQAAAAAQBg
87,/feed/aHR0cHM6Ly9hbmNob3IuZm0vcy84YzIwODhjL3BvZGNhc3QvcnNz/episode/ZmQyZTMxZjQtNTU3Ny00NjQ0LTk2ZDQtZGFjZDM2ZDZiNTZj?ved=0CEEQzsICahcKEwiwh6S3_eDpAhUAAAAAHQAAAAAQBg
88,/feed/aHR0cHM6Ly9hbmNob3IuZm0vcy84YzIwODhjL3BvZGNhc3QvcnNz/episode/ZGQ5OWZhZGUtMzhiYi00NmU1LTg4ZjAtOWVhN2U1YmNjMDVm?ved=0CDkQzsICahcKEwiwh6S3_eDpAhUAAAAAHQAAAAAQBg
89,/feed/aHR0cHM6Ly9hbmNob3IuZm0vcy84YzIwODhjL3BvZGNhc3QvcnNz/episode/N2Y4YmRkOWMtOGZkOS00N2FkLTgwZTktNzgxMzEzMjk3YjJl?ved=0CDcQzsICahcKEwiwh6S3_eDpAhUAAAAAHQAAAAAQBg
90,/feed/aHR0cHM6Ly9hbmNob3IuZm0vcy84YzIwODhjL3BvZGNhc3QvcnNz/episode/aHR0cHM6Ly9hbmNob3IuZm0vY290ZW4vZXBpc29kZXMvOTAtLS1DT1RFTi1SQURJTy1lYmU1czE?ved=0CDUQzsICahcKEwiwh6S3_eDpAhUAAAAAHQAAAAAQBg
91,/feed/aHR0cHM6Ly9hbmNob3IuZm0vcy84YzIwODhjL3BvZGNhc3QvcnNz/episode/aHR0cHM6Ly9hbmNob3IuZm0vY290ZW4vZXBpc29kZXMvOTEtLS1DT1RFTi1SQURJTy1lYmg4aTY?ved=0CDMQzsICahcKEwiwh6S3_eDpAhUAAAAAHQAAAAAQBg
92,/feed/aHR0cHM6Ly9hbmNob3IuZm0vcy84YzIwODhjL3BvZGNhc3QvcnNz/episode/aHR0cHM6Ly9hbmNob3IuZm0vY290ZW4vZXBpc29kZXMvOTItLS1DT1RFTi1SQURJTy1lYmsybGw?ved=0CDEQzsICahcKEwiwh6S3_eDpAhUAAAAAHQAAAAAQBg
93,/feed/aHR0cHM6Ly9hbmNob3IuZm0vcy84YzIwODhjL3BvZGNhc3QvcnNz/episode/aHR0cHM6Ly9hbmNob3IuZm0vY290ZW4vZXBpc29kZXMvOTMtQ09URU4tUkFESU8tZWJvN2Jp?ved=0CC8QzsICahcKEwiwh6S3_eDpAhUAAAAAHQAAAAAQBg
94,/feed/aHR0cHM6Ly9hbmNob3IuZm0vcy84YzIwODhjL3BvZGNhc3QvcnNz/episode/aHR0cHM6Ly9hbmNob3IuZm0vY290ZW4vZXBpc29kZXMvOTRDT1RFTi1SQURJTy1lYnU2bGQ?ved=0CC0QzsICahcKEwiwh6S3_eDpAhUAAAAAHQAAAAAQBg
95,/feed/aHR0cHM6Ly9hbmNob3IuZm0vcy84YzIwODhjL3BvZGNhc3QvcnNz/episode/N2ViN2I4ZDktZjJiOC00NTYzLTg2MjYtNDY5YTVhZDY0ZDMw?ved=0CCsQzsICahcKEwiwh6S3_eDpAhUAAAAAHQAAAAAQBg
96,/feed/aHR0cHM6Ly9hbmNob3IuZm0vcy84YzIwODhjL3BvZGNhc3QvcnNz/episode/Yzc2ZTc0OGItYjYzNS00ZjljLTliNGMtNWZhZDU5MTRhMTc3?ved=0CCkQzsICahcKEwiwh6S3_eDpAhUAAAAAHQAAAAAQBg
97,/feed/aHR0cHM6Ly9hbmNob3IuZm0vcy84YzIwODhjL3BvZGNhc3QvcnNz/episode/NGZkOTZmNjUtNDk4ZC00ZWJhLWI5NDEtNDRlMTE2ZWIzZGYx?ved=0CCcQzsICahcKEwiwh6S3_eDpAhUAAAAAHQAAAAAQBg
98,/feed/aHR0cHM6Ly9hbmNob3IuZm0vcy84YzIwODhjL3BvZGNhc3QvcnNz/episode/Njg0OWM3YTktNWIzZS00YjBhLTk2OWQtNWQ1MzFlMmRhMzVl?ved=0CB8QzsICahcKEwiwh6S3_eDpAhUAAAAAHQAAAAAQBg
99,/feed/aHR0cHM6Ly9hbmNob3IuZm0vcy84YzIwODhjL3BvZGNhc3QvcnNz/episode/ZGEyMjlmNmEtNGZmMC00Yzg2LThkNzYtYThmYmFlYjE1MTA5?ved=0CB0QzsICahcKEwiwh6S3_eDpAhUAAAAAHQAAAAAQBg
100,/feed/aHR0cHM6Ly9hbmNob3IuZm0vcy84YzIwODhjL3BvZGNhc3QvcnNz/episode/Y2VlM2Q2MmItMjU0NC00NThjLTgxY2MtMzNmYzJkZjkzMmE3?ved=0CBsQzsICahcKEwiwh6S3_eDpAhUAAAAAHQAAAAAQBg
101,/feed/aHR0cHM6Ly9hbmNob3IuZm0vcy84YzIwODhjL3BvZGNhc3QvcnNz/episode/ZDMzY2Y4MjEtY2MwNy00ZTZlLTkzZDAtMTg1ODljNWRiOGM3?ved=0CBkQzsICahcKEwiwh6S3_eDpAhUAAAAAHQAAAAAQBg
102,/feed/aHR0cHM6Ly9hbmNob3IuZm0vcy84YzIwODhjL3BvZGNhc3QvcnNz/episode/ZTc1MzU4NDEtN2Q2YS00MmRjLThkYWEtZWQ2NjMxMzUyZDM2?ved=0CBUQzsICahcKEwiwh6S3_eDpAhUAAAAAHQAAAAAQBg
103,/feed/aHR0cHM6Ly9hbmNob3IuZm0vcy84YzIwODhjL3BvZGNhc3QvcnNz/episode/NzFmYTg5ZWMtYTU2ZS00Mzg4LWJlZGMtNDBkMmM0YzA3NWU2?ved=0CBMQzsICahcKEwiwh6S3_eDpAhUAAAAAHQAAAAAQBg
104,/feed/aHR0cHM6Ly9hbmNob3IuZm0vcy84YzIwODhjL3BvZGNhc3QvcnNz/episode/NzNmOGQ0NWMtM2ZjMS00ZjUwLWExNTctZWJhNzMzYzc5NTg2?ved=0CBEQzsICahcKEwiwh6S3_eDpAhUAAAAAHQAAAAAQBg
105,/feed/aHR0cHM6Ly9hbmNob3IuZm0vcy84YzIwODhjL3BvZGNhc3QvcnNz/episode/OTllNzYyMmYtNzNhZS00NjkwLWJhNDMtMmVjMjNjZmU5YjRk?ved=0CA8QzsICahcKEwiwh6S3_eDpAhUAAAAAHQAAAAAQBg
106,/feed/aHR0cHM6Ly9hbmNob3IuZm0vcy84YzIwODhjL3BvZGNhc3QvcnNz/episode/MTVkODViNDUtZjNlNi00MTZhLWFmMWItODFlN2U0YTdmNWU3?ved=0CA0QzsICahcKEwiwh6S3_eDpAhUAAAAAHQAAAAAQBg
107,/feed/aHR0cHM6Ly9hbmNob3IuZm0vcy84YzIwODhjL3BvZGNhc3QvcnNz/episode/YmJlNTg5ZWMtM2FjMC00OWIyLTkxZGUtMDcyM2E3N2ZiMDQw?ved=0CAcQ38oDahcKEwiwh6S3_eDpAhUAAAAAHQAAAAAQBg
ex001,/feed/aHR0cHM6Ly9hbmNob3IuZm0vcy84YzIwODhjL3BvZGNhc3QvcnNz/episode/ZjIxODkyNTQtNzhkNS02NDY1LTA3N2EtOWQ2NWYwMzQ0MmZm?ved=0CPkBEM7CAmoXChMIsIekt_3g6QIVAAAAAB0AAAAAEAY
ex002,/feed/aHR0cHM6Ly9hbmNob3IuZm0vcy84YzIwODhjL3BvZGNhc3QvcnNz/episode/MWQzZmVjYjctNTBkOS04MmJlLTNiNGQtOTM1MTZlN2UzNGMy?ved=0CPcBEM7CAmoXChMIsIekt_3g6QIVAAAAAB0AAAAAEAY
ex003,/feed/aHR0cHM6Ly9hbmNob3IuZm0vcy84YzIwODhjL3BvZGNhc3QvcnNz/episode/OTNmYzFhYjMtNjJkNi04NjQ3LTE1NjctYzM4ZGNhZTQyNzMz?ved=0CPUBEM7CAmoXChMIsIekt_3g6QIVAAAAAB0AAAAAEAY
ex004,/feed/aHR0cHM6Ly9hbmNob3IuZm0vcy84YzIwODhjL3BvZGNhc3QvcnNz/episode/ZTkzZTY4ZjYtYTgxNi1mYWVmLWQ5ZjgtODBhZTJmMTFkMzkz?ved=0CO8BEM7CAmoXChMIsIekt_3g6QIVAAAAAB0AAAAAEAY
ex005,/feed/aHR0cHM6Ly9hbmNob3IuZm0vcy84YzIwODhjL3BvZGNhc3QvcnNz/episode/YzYxMWU0ODUtODIyZS1lZTdjLTg5MzktNGZiNTRkNzQ2YTJh?ved=0COkBEM7CAmoXChMIsIekt_3g6QIVAAAAAB0AAAAAEAY
ex006,/feed/aHR0cHM6Ly9hbmNob3IuZm0vcy84YzIwODhjL3BvZGNhc3QvcnNz/episode/MDJmNzdjZjgtOWI5My1jZDk4LWI4ZmQtNTQ2ZGVjODRkMmFl?ved=0COcBEM7CAmoXChMIsIekt_3g6QIVAAAAAB0AAAAAEAY
ex007,/feed/aHR0cHM6Ly9hbmNob3IuZm0vcy84YzIwODhjL3BvZGNhc3QvcnNz/episode/MTNlYjUyZmQtZmU0OC1kMDFmLWQzN2ItYjQxYWM4OGFjNmMw?ved=0CM8BEM7CAmoXChMIsIekt_3g6QIVAAAAAB0AAAAAEAY
ex008,/feed/aHR0cHM6Ly9hbmNob3IuZm0vcy84YzIwODhjL3BvZGNhc3QvcnNz/episode/Mjk1NWVkY2MtMjc1Mi04ZjIzLWQ2ZDYtYmFlOTQyZmQ2OWQz?ved=0CL8BEM7CAmoXChMIsIekt_3g6QIVAAAAAB0AAAAAEAY
ex009,/feed/aHR0cHM6Ly9hbmNob3IuZm0vcy84YzIwODhjL3BvZGNhc3QvcnNz/episode/M2NkMDIzMWMtMGY5MS0xMzg2LWRmNGEtOWYzODM1ZWFjMWFh?ved=0CK0BEM7CAmoXChMIsIekt_3g6QIVAAAAAB0AAAAAEAY
ex010,/feed/aHR0cHM6Ly9hbmNob3IuZm0vcy84YzIwODhjL3BvZGNhc3QvcnNz/episode/ZjgxY2VmYWMtMzA2MC1lMjk1LTU5NGYtYzlhYjBhYzFkZTNh?ved=0CKsBEM7CAmoXChMIsIekt_3g6QIVAAAAAB0AAAAAEAY
ex011,/feed/aHR0cHM6Ly9hbmNob3IuZm0vcy84YzIwODhjL3BvZGNhc3QvcnNz/episode/YTk4MjUyNTMtMjM3Ni1hYTQxLTkwMDMtZTcxMTVkODg1YmI3?ved=0CJUBEM7CAmoXChMIsIekt_3g6QIVAAAAAB0AAAAAEAY
ex012,/feed/aHR0cHM6Ly9hbmNob3IuZm0vcy84YzIwODhjL3BvZGNhc3QvcnNz/episode/NTM0NjZjMjItNWE5NS1jNmQ2LTUwZmItZDM3NmJhYWZhYTYw?ved=0CJMBEM7CAmoXChMIsIekt_3g6QIVAAAAAB0AAAAAEAY
ex013,/feed/aHR0cHM6Ly9hbmNob3IuZm0vcy84YzIwODhjL3BvZGNhc3QvcnNz/episode/NDRjZmIxZGEtOWJlNi1hYzI3LWQ2MmUtYmQ3ZDg3NjY1YmU3?ved=0CIMBEM7CAmoXChMIsIekt_3g6QIVAAAAAB0AAAAAEAY
ex015,/feed/aHR0cHM6Ly9hbmNob3IuZm0vcy84YzIwODhjL3BvZGNhc3QvcnNz/episode/OTY0ZTdiYmMtNDA2Zi0yNTI1LTNiOTYtZDliYzZlZDZkY2Vj?ved=0CGkQzsICahcKEwiwh6S3_eDpAhUAAAAAHQAAAAAQBg
ex016,/feed/aHR0cHM6Ly9hbmNob3IuZm0vcy84YzIwODhjL3BvZGNhc3QvcnNz/episode/MTU4M2M3ZDAtYTQ3ZS02NjIwLTRjZjctODJhODllYTMwZDA1?ved=0CGcQzsICahcKEwiwh6S3_eDpAhUAAAAAHQAAAAAQBg
ex017,/feed/aHR0cHM6Ly9hbmNob3IuZm0vcy84YzIwODhjL3BvZGNhc3QvcnNz/episode/NGRlMzQ0ZjAtOTJlMS00MDRmLTk2NWMtZmI0ZjhjZGU4ZGUx?ved=0CFcQzsICahcKEwiwh6S3_eDpAhUAAAAAHQAAAAAQBg
ex018,/feed/aHR0cHM6Ly9hbmNob3IuZm0vcy84YzIwODhjL3BvZGNhc3QvcnNz/episode/NDYwMzAzZWYtYTQ4OC00ZDBlLWI1ZTMtMGM0N2FjMTVmYzM5?ved=0CFMQzsICahcKEwiwh6S3_eDpAhUAAAAAHQAAAAAQBg
ex019,/feed/aHR0cHM6Ly9hbmNob3IuZm0vcy84YzIwODhjL3BvZGNhc3QvcnNz/episode/YzY2ZTQ4NzctZTQ1YS00ZTZjLWE2ZTgtYjVlODUwMjViMzNk?ved=0CD8QzsICahcKEwiwh6S3_eDpAhUAAAAAHQAAAAAQBg
ex020,/feed/aHR0cHM6Ly9hbmNob3IuZm0vcy84YzIwODhjL3BvZGNhc3QvcnNz/episode/M2RkMDY5MTAtZDM0ZC00ZTkwLWI3YmUtMTI3NjUyYjk3YjVh?ved=0CD0QzsICahcKEwiwh6S3_eDpAhUAAAAAHQAAAAAQBg
ex021,/feed/aHR0cHM6Ly9hbmNob3IuZm0vcy84YzIwODhjL3BvZGNhc3QvcnNz/episode/YjMzZjJhOTItMTcwZC00MjU4LTk1NWYtMTYwMzZhZTE2ZDAy?ved=0CDsQzsICahcKEwiwh6S3_eDpAhUAAAAAHQAAAAAQBg
ex022,/feed/aHR0cHM6Ly9hbmNob3IuZm0vcy84YzIwODhjL3BvZGNhc3QvcnNz/episode/NDVmYjgyMzctMjUzZC00ODkyLTlhNDEtYzBmMDQzNjc1OWQy?ved=0CCUQzsICahcKEwiwh6S3_eDpAhUAAAAAHQAAAAAQBg
ex023,/feed/aHR0cHM6Ly9hbmNob3IuZm0vcy84YzIwODhjL3BvZGNhc3QvcnNz/episode/Y2NmYWRkNTAtOWFjOS00MWE0LWIzY2ItYjBjZGU4ZTkwZWFi?ved=0CCMQzsICahcKEwiwh6S3_eDpAhUAAAAAHQAAAAAQBg
ex024,/feed/aHR0cHM6Ly9hbmNob3IuZm0vcy84YzIwODhjL3BvZGNhc3QvcnNz/episode/ZWU4MDA0ZTYtYjRjNy00MThkLWFjZDMtMDhjNDY5Mjc4ODcw?ved=0CBcQzsICahcKEwiwh6S3_eDpAhUAAAAAHQAAAAAQBg
ex025,/feed/aHR0cHM6Ly9hbmNob3IuZm0vcy84YzIwODhjL3BvZGNhc3QvcnNz/episode/YzgwNzFiOTEtMDFiMy00NmJmLWJjYTItZmYxM2Y2YjZmMmY0?ved=0CAsQzsICahcKEwiwh6S3_eDpAhUAAAAAHQAAAAAQBg
ex026,/feed/aHR0cHM6Ly9hbmNob3IuZm0vcy84YzIwODhjL3BvZGNhc3QvcnNz/episode/YjFmZmQ0ZDktZWRiZC00ZTM0LWEzZGMtNWE0YzVmNWViN2Vh?ved=0CAkQzsICahcKEwiwh6S3_eDpAhUAAAAAHQAAAAAQBg