000,/watch?v=cfc9wvaiiX4
001,/watch?v=VMpjzAA6hNI
002,/watch?v=2xDAjrniULM
003,/watch?v=Mzr3fk1ExGA
004,/watch?v=2cJi5iIOCyU
005,/watch?v=J_kARj-FuPw
006,/watch?v=X0_q7MB3jaQ
007,/watch?v=Pkqx0O-sv4Y
008,/watch?v=kjenu0OuI2o
009,/watch?v=2kPwhNmKUXM
010,/watch?v=eN0sIq332OU
011,/watch?v=Y88fPSzdcYA
012,/watch?v=Opb5REyVsNk
013,/watch?v=6vSclc0N5Ic
014,/watch?v=FWwpeRyhHe4
015,/watch?v=EC_g2ReW-r4
016,/watch?v=R3aaC4BBVTQ
017,/watch?v=S1q5yodN8fA
018,/watch?v=VMHYJpceuyI
019,/watch?v=KdYs79gz6RA
020,/watch?v=wwmDQcbr0s4
021,/watch?v=virVzRbe28M
022,/watch?v=Prorhdit6TQ
023,/watch?v=pD3kj8ypgXA
024,/watch?v=lmOSymPmiWc
025,/watch?v=6wxHAsMJt2Q
026,/watch?v=xeP3tHA3Lsc
027,/watch?v=l0npJp0lV1o
028,/watch?v=CknCaKKH2-Y
029,/watch?v=wyyA9GIcqq8
030,/watch?v=eFQJPmOBQCY
031,/watch?v=9VSzJnQih6Y
032,/watch?v=SkjmNMpGz3g
033,/watch?v=KgCEYCNuK9o
034,/watch?v=cNQX3yMh5z8
035,/watch?v=JU0In4wemMo
036,/watch?v=wkvQyktqOtM
037,/watch?v=4SS7u6h8iV8
038,/watch?v=eLHA4irYh5U
039,/watch?v=q75j1z8T8y4
040,/watch?v=aYSNX1DvLG8
041,/watch?v=-vG3gGsTVgo
042,/watch?v=pq1YUfmWKBQ
043,/watch?v=QcAQ697q1Y0
044,/watch?v=aMMOCaFpFYA
045,/watch?v=HDSujv29DQk
046,/watch?v=8GRkaGwTPH0
047,/watch?v=NOiX7j7nbK8
048,/watch?v=rl7nSTrTeSA
049,/watch?v=3t9yRIyXl1w
050,/watch?v=Q-kkq2aZt2o
051,/watch?v=KF11h8fv-Q0
052,/watch?v=5cyc8zJJbUg
053,/watch?v=mra61k4wzgY
054,/watch?v=3m3DFuhX1c4
055,/watch?v=gWdeqktXUsA
056,/watch?v=SNuvY0_4n-I
057,/watch?v=0dr-M6EoZBw
058,/watch?v=sGUMrY9EUec
059,/watch?v=_B3TdbvuxxI
060,/watch?v=WCMVH5eQfqw
061,/watch?v=55srlYa1XZg
062,/watch?v=PU6GiD4XUjE
063,/watch?v=tnBQSDAiph8
064,/watch?v=fjgCpe9ZykY
065,/watch?v=TOvUumdOJpM
066,/watch?v=W6qd0V4rziQ
067,/watch?v=j7gCo0jnE0o
068,/watch?v=6x8ck5xw7s0
069,/watch?v=4TgjGSGhqUc
070,/watch?v=icIrMhYHpxI
071,/watch?v=uWM_hR30fws
072,/watch?v=w_CZtE6pFEc
073,/watch?v=Vva6gUarsPU
074,/watch?v=Avb5e05np84
075,/watch?v=6kd4ODZrGZw
076,/watch?v=Z-tVUyZk_sc
077,/watch?v=CY047auKtxo
078,/watch?v=mgP9SCo6pKE
079,/watch?v=slCUo7wC8nM
080,/watch?v=byVyMNR2TA0
081,/watch?v=P-ZQoPG_NAY
082,/watch?v=wKIqcEXSOJ4
083,/watch?v=Vv633_jt8Kk
084,/watch?v=A6Zqn-FE_EM
085,/watch?v=7dixrMcmUkU
086,/watch?v=lDGIkW-vQAg
087,/watch?v=u5gDACG5XOQ
088,/watch?v=vKmPLzFtQTw
089,/watch?v=V561Pg7u_78
090,/watch?v=c5JEGCA-TT8
091,/watch?v=qpBRUvRNHBQ
092,/watch?v=XA3LuxgQFls
093,/watch?v=zmJnD4M9w0E
094,/watch?v=ippawzv5_bQ
095,/watch?v=_N5AWRKein4
096,/watch?v=8k85b9M8j-8
097,/watch?v=SfxVvJOU3ww
098,/watch?v=IH0utufEYE4
099,/watch?v=9rN4BpMDtAo
100,/watch?v=A1oZQsGWVkw
101,/watch?v=fbce8SoyWRE
102,/watch?v=MHJQukWvIlo
103,/watch?v=t6ANLw1KLc0
104,/watch?v=2Z8rlCyOcAg
105,/watch?v=VklRTSdCi0k
106,/watch?v=Qu-u8TXdkAo
107,/watch?v=L6uz2z_UR-E
ex001,/watch?v=NspEoxQg5Mg
ex002,/watch?v=aqFOpBWfEec
ex003,/watch?v=4ZYhBq-9V8Q
ex004,/watch?v=CBFx2IRUdLE
ex005,/watch?v=hf26Bx8QXno
ex006,/watch?v=Zb-eFj2Bhgg
ex007,/watch?v=tVrtIz-dDY8
ex008,/watch?v=7Rs4sUMiFwM
ex009,/watch?v=Tz0-BurSE84
ex010,/watch?v=lH2DmkFkYqQ
ex011,/watch?v=WgwiXBLmFEw
ex012,/watch?v=beOQaRkGsao
ex013,/watch?v=fpCli5C_HsY
ex015,/watch?v=9dd7A2X-pR8
ex016,/watch?v=NscLobu_iFU
ex017,/watch?v=4ZuQVvjMWJo
ex018,/watch?v=qZLgEhDvfe4
ex019,/watch?v=P_ljizcDCu8
ex020,/watch?v=mHHdI87Xnlk
ex021,/watch?v=Mv_hUUtY-XY
ex022,/watch?v=oAMh4OJxuec
ex023,/watch?v=wBs3NUlk87k
ex025,/watch?v=V3yDN0BIuBU
ex026,/watch?v=Te8Xr5QrfKE
